{
    "api": {
        "id": null,
        "worker-id": null
    },
    "http": {
        "enabled": false,
        "host": "127.0.0.1",
        "port": 0,
        "access-token": null,
        "restricted": true
    },
    "autosave": true,
    "background": false,
    "colors": true,
    "title": true,
    "randomx": {
        "init": -1,
        "init-avx2": -1,
        "mode": "fast",
        "1gb-pages": true,
        "rdmsr": true,
        "wrmsr": true,
        "cache_qos": false,
        "numa": true,
        "scratchpad_prefetch_mode": 1
    },
    "cpu": {
        "enabled": true,
        "huge-pages": true,
        "huge-pages-jit": false,
        "hw-aes": null,
        "priority": null,
        "memory-pool": false,
        "yield": true,
        "asm": true,
        "argon2-impl": null,
        "argon2": [0, 48, 1, 49, 2, 50, 3, 51, 4, 52, 5, 53, 6, 54, 7, 55, 8, 56, 9, 57, 10, 58, 11, 59, 12, 60, 13, 61, 14, 62, 15, 63, 16, 64, 17, 65, 18, 66, 19, 67, 20, 68, 21, 69, 22, 70, 23, 71, 24, 72, 25, 73, 26, 74, 27, 75, 28, 76, 29, 77, 30, 78, 31, 79, 32, 80, 33, 81, 34, 82, 35, 83, 36, 84, 37, 85, 38, 86, 39, 87, 40, 88, 41, 89, 42, 90, 43, 91, 44, 92, 45, 93, 46, 94, 47, 95],
        "cn": [
            [1, 0],
            [1, 48],
            [1, 1],
            [1, 49],
            [1, 2],
            [1, 50],
            [1, 3],
            [1, 51],
            [1, 4],
            [1, 52],
            [1, 5],
            [1, 53],
            [1, 6],
            [1, 54],
            [1, 7],
            [1, 55],
            [1, 8],
            [1, 56],
            [1, 9],
            [1, 57],
            [1, 10],
            [1, 58],
            [1, 11],
            [1, 59],
            [1, 12],
            [1, 60],
            [1, 13],
            [1, 61],
            [1, 14],
            [1, 62],
            [1, 15],
            [1, 63],
            [1, 16],
            [1, 64],
            [1, 17],
            [1, 65],
            [1, 18],
            [1, 66],
            [1, 19],
            [1, 67],
            [1, 20],
            [1, 68],
            [1, 21],
            [1, 69],
            [1, 22],
            [1, 70],
            [1, 23],
            [1, 71],
            [1, 24],
            [1, 72],
            [1, 25],
            [1, 73],
            [1, 26],
            [1, 74],
            [1, 27],
            [1, 75],
            [1, 28],
            [1, 76],
            [1, 29],
            [1, 77],
            [1, 30],
            [1, 78],
            [1, 31],
            [1, 79],
            [1, 32],
            [1, 80],
            [1, 33],
            [1, 81],
            [1, 34],
            [1, 82],
            [1, 35],
            [1, 83],
            [1, 36],
            [1, 84],
            [1, 37],
            [1, 85],
            [1, 38],
            [1, 86],
            [1, 39],
            [1, 87],
            [1, 40],
            [1, 88],
            [1, 41],
            [1, 89],
            [1, 42],
            [1, 90],
            [1, 43],
            [1, 91],
            [1, 44],
            [1, 92],
            [1, 45],
            [1, 93],
            [1, 46],
            [1, 94],
            [1, 47],
            [1, 95]
        ],
        "cn-heavy": [
            [1, 0],
            [1, 1],
            [1, 2],
            [1, 3],
            [1, 4],
            [1, 5],
            [1, 6],
            [1, 7],
            [1, 8],
            [1, 9],
            [1, 10],
            [1, 11],
            [1, 12],
            [1, 13],
            [1, 14],
            [1, 15],
            [1, 16],
            [1, 17],
            [1, 18],
            [1, 19],
            [1, 20],
            [1, 21],
            [1, 22],
            [1, 23],
            [1, 24],
            [1, 25],
            [1, 26],
            [1, 27],
            [1, 28],
            [1, 29],
            [1, 30],
            [1, 31],
            [1, 32],
            [1, 33],
            [1, 34],
            [1, 35],
            [1, 36],
            [1, 37],
            [1, 38],
            [1, 39],
            [1, 40],
            [1, 41],
            [1, 42],
            [1, 43],
            [1, 44],
            [1, 45],
            [1, 46],
            [1, 47]
        ],
        "cn-lite": [
            [1, 0],
            [1, 48],
            [1, 1],
            [1, 49],
            [1, 2],
            [1, 50],
            [1, 3],
            [1, 51],
            [1, 4],
            [1, 52],
            [1, 5],
            [1, 53],
            [1, 6],
            [1, 54],
            [1, 7],
            [1, 55],
            [1, 8],
            [1, 56],
            [1, 9],
            [1, 57],
            [1, 10],
            [1, 58],
            [1, 11],
            [1, 59],
            [1, 12],
            [1, 60],
            [1, 13],
            [1, 61],
            [1, 14],
            [1, 62],
            [1, 15],
            [1, 63],
            [1, 16],
            [1, 64],
            [1, 17],
            [1, 65],
            [1, 18],
            [1, 66],
            [1, 19],
            [1, 67],
            [1, 20],
            [1, 68],
            [1, 21],
            [1, 69],
            [1, 22],
            [1, 70],
            [1, 23],
            [1, 71],
            [1, 24],
            [1, 72],
            [1, 25],
            [1, 73],
            [1, 26],
            [1, 74],
            [1, 27],
            [1, 75],
            [1, 28],
            [1, 76],
            [1, 29],
            [1, 77],
            [1, 30],
            [1, 78],
            [1, 31],
            [1, 79],
            [1, 32],
            [1, 80],
            [1, 33],
            [1, 81],
            [1, 34],
            [1, 82],
            [1, 35],
            [1, 83],
            [1, 36],
            [1, 84],
            [1, 37],
            [1, 85],
            [1, 38],
            [1, 86],
            [1, 39],
            [1, 87],
            [1, 40],
            [1, 88],
            [1, 41],
            [1, 89],
            [1, 42],
            [1, 90],
            [1, 43],
            [1, 91],
            [1, 44],
            [1, 92],
            [1, 45],
            [1, 93],
            [1, 46],
            [1, 94],
            [1, 47],
            [1, 95]
        ],
        "cn-pico": [
            [2, 0],
            [2, 48],
            [2, 1],
            [2, 49],
            [2, 2],
            [2, 50],
            [2, 3],
            [2, 51],
            [2, 4],
            [2, 52],
            [2, 5],
            [2, 53],
            [2, 6],
            [2, 54],
            [2, 7],
            [2, 55],
            [2, 8],
            [2, 56],
            [2, 9],
            [2, 57],
            [2, 10],
            [2, 58],
            [2, 11],
            [2, 59],
            [2, 12],
            [2, 60],
            [2, 13],
            [2, 61],
            [2, 14],
            [2, 62],
            [2, 15],
            [2, 63],
            [2, 16],
            [2, 64],
            [2, 17],
            [2, 65],
            [2, 18],
            [2, 66],
            [2, 19],
            [2, 67],
            [2, 20],
            [2, 68],
            [2, 21],
            [2, 69],
            [2, 22],
            [2, 70],
            [2, 23],
            [2, 71],
            [2, 24],
            [2, 72],
            [2, 25],
            [2, 73],
            [2, 26],
            [2, 74],
            [2, 27],
            [2, 75],
            [2, 28],
            [2, 76],
            [2, 29],
            [2, 77],
            [2, 30],
            [2, 78],
            [2, 31],
            [2, 79],
            [2, 32],
            [2, 80],
            [2, 33],
            [2, 81],
            [2, 34],
            [2, 82],
            [2, 35],
            [2, 83],
            [2, 36],
            [2, 84],
            [2, 37],
            [2, 85],
            [2, 38],
            [2, 86],
            [2, 39],
            [2, 87],
            [2, 40],
            [2, 88],
            [2, 41],
            [2, 89],
            [2, 42],
            [2, 90],
            [2, 43],
            [2, 91],
            [2, 44],
            [2, 92],
            [2, 45],
            [2, 93],
            [2, 46],
            [2, 94],
            [2, 47],
            [2, 95]
        ],
        "cn/upx2": [
            [2, 0],
            [2, 48],
            [2, 1],
            [2, 49],
            [2, 2],
            [2, 50],
            [2, 3],
            [2, 51],
            [2, 4],
            [2, 52],
            [2, 5],
            [2, 53],
            [2, 6],
            [2, 54],
            [2, 7],
            [2, 55],
            [2, 8],
            [2, 56],
            [2, 9],
            [2, 57],
            [2, 10],
            [2, 58],
            [2, 11],
            [2, 59],
            [2, 12],
            [2, 60],
            [2, 13],
            [2, 61],
            [2, 14],
            [2, 62],
            [2, 15],
            [2, 63],
            [2, 16],
            [2, 64],
            [2, 17],
            [2, 65],
            [2, 18],
            [2, 66],
            [2, 19],
            [2, 67],
            [2, 20],
            [2, 68],
            [2, 21],
            [2, 69],
            [2, 22],
            [2, 70],
            [2, 23],
            [2, 71],
            [2, 24],
            [2, 72],
            [2, 25],
            [2, 73],
            [2, 26],
            [2, 74],
            [2, 27],
            [2, 75],
            [2, 28],
            [2, 76],
            [2, 29],
            [2, 77],
            [2, 30],
            [2, 78],
            [2, 31],
            [2, 79],
            [2, 32],
            [2, 80],
            [2, 33],
            [2, 81],
            [2, 34],
            [2, 82],
            [2, 35],
            [2, 83],
            [2, 36],
            [2, 84],
            [2, 37],
            [2, 85],
            [2, 38],
            [2, 86],
            [2, 39],
            [2, 87],
            [2, 40],
            [2, 88],
            [2, 41],
            [2, 89],
            [2, 42],
            [2, 90],
            [2, 43],
            [2, 91],
            [2, 44],
            [2, 92],
            [2, 45],
            [2, 93],
            [2, 46],
            [2, 94],
            [2, 47],
            [2, 95]
        ],
        "ghostrider": [
            [8, 0],
            [8, 1],
            [8, 2],
            [8, 3],
            [8, 4],
            [8, 5],
            [8, 6],
            [8, 7],
            [8, 8],
            [8, 9],
            [8, 10],
            [8, 11],
            [8, 12],
            [8, 13],
            [8, 14],
            [8, 15],
            [8, 16],
            [8, 17],
            [8, 18],
            [8, 19],
            [8, 20],
            [8, 21],
            [8, 22],
            [8, 23],
            [8, 24],
            [8, 25],
            [8, 26],
            [8, 27],
            [8, 28],
            [8, 29],
            [8, 30],
            [8, 31],
            [8, 32],
            [8, 33],
            [8, 34],
            [8, 35],
            [8, 36],
            [8, 37],
            [8, 38],
            [8, 39],
            [8, 40],
            [8, 41],
            [8, 42],
            [8, 43],
            [8, 44],
            [8, 45],
            [8, 46],
            [8, 47]
        ],
        "rx": [0, 48, 1, 49, 2, 50, 3, 51, 4, 52, 5, 53, 6, 54, 7, 55, 8, 56, 9, 57, 10, 58, 11, 59, 12, 60, 13, 61, 14, 62, 15, 63, 16, 64, 17, 65, 18, 66, 19, 67, 20, 68, 21, 69, 22, 70, 23, 71, 24, 72, 25, 73, 26, 74, 27, 75, 28, 76, 29, 77, 30, 78, 31, 79, 32, 80, 33, 81, 34, 82, 35, 83, 36, 84, 37, 85, 38, 86, 39, 87, 40, 88, 41, 89, 42, 90, 43, 91, 44, 92, 45, 93, 46, 94, 47, 95],
        "rx/wow": [0, 48, 1, 49, 2, 50, 3, 51, 4, 52, 5, 53, 6, 54, 7, 55, 8, 56, 9, 57, 10, 58, 11, 59, 12, 60, 13, 61, 14, 62, 15, 63, 16, 64, 17, 65, 18, 66, 19, 67, 20, 68, 21, 69, 22, 70, 23, 71, 24, 72, 25, 73, 26, 74, 27, 75, 28, 76, 29, 77, 30, 78, 31, 79, 32, 80, 33, 81, 34, 82, 35, 83, 36, 84, 37, 85, 38, 86, 39, 87, 40, 88, 41, 89, 42, 90, 43, 91, 44, 92, 45, 93, 46, 94, 47, 95],
        "cn-lite/0": false,
        "cn/0": false,
        "rx/arq": "rx/wow"
    },
    "log-file": null,
    "donate-level": 1,
    "donate-over-proxy": 1,
    "pools": [
        {
            "algo": null,
            "coin": null,
            "url": "stratum+tcp://pool.juno.ad:3333",
            "user": "j1pqt0d48ngdatqew8dtprpfwj0zd37ecy4hlpv44je8zp85nnmqz8qa8gcytzcez9p48mpuqrhcxvjw3w3zxqxz09mplluu6ktuyuklxx",
            "pass": "x",
            "rig-id": null,
            "nicehash": false,
            "keepalive": true,
            "enabled": true,
            "tls": false,
            "sni": false,
            "tls-fingerprint": null,
            "daemon": false,
            "socks5": null,
            "self-select": null,
            "submit-to-origin": false
        }
    ],
    "retries": 5,
    "retry-pause": 5,
    "print-time": 60,
    "dmi": true,
    "syslog": false,
    "tls": {
        "enabled": false,
        "protocols": null,
        "cert": null,
        "cert_key": null,
        "ciphers": null,
        "ciphersuites": null,
        "dhparam": null
    },
    "dns": {
        "ip_version": 0,
        "ttl": 30
    },
    "user-agent": null,
    "verbose": 0,
    "watch": true,
    "pause-on-battery": false,
    "pause-on-active": false
}